{
  "dataset": "cora",
  "mean": 0.9003333846728007,
  "std": 0.009392669590567804,
  "results": [
    0.9120000600814819,
    0.8890000581741333,
    0.9000000357627869
  ],
  "ablation": "full",
  "hyperparameters": {
    "dataset": "cora",
    "seed": 42,
    "num_seeds": 3,
    "hidden_dim": 256,
    "dropout": 0.2,
    "lam": 0.1,
    "tau": 0.2,
    "tau_feat": 1.0,
    "tau_topo": 1.0,
    "gamma": 0.5,
    "s": 1.0,
    "delta": 0.1,
    "beta": 0.1,
    "k_2hop": 4,
    "random_ratio": 0.001,
    "lr": 0.001,
    "wd": 0.0001,
    "epochs": 300,
    "batch_size": 64,
    "num_steps": 10,
    "T": 0.6,
    "patience": 100,
    "no_hysteresis": false,
    "no_topo_search": false,
    "no_force_margin": false
  }
}